id,id_departamento,apellidos,nombre
A1B2C3D4,A1B2C3D4,Smith,John
A1B2C3D5,A1B2C3D4,Johnson,Emily
B5C6D7E8,B5C6D7E8,Garcia,Michael
B5C6D7E9,B5C6D7E8,Jones,Sophia
C8D9E0F1,C8D9E0F1,Kim,Matthew
C8D9E0F2,C8D9E0F1,Brown,Olivia
D2E3F4G5,D2E3F4G5,Lee,Aiden
D2E3F4G6,D2E3F4G5,Williams,Emma
D2E3F4G7,D2E3F4G5,Choi,Liam
D2E3F4G8,D2E3F4G5,Miller,Ava
E6F7G8H9,E6F7G8H9,Nguyen,Ethan
E6F7G8H0,E6F7G8H9,Lopez,Sofia
E6F7G8H1,E6F7G8H9,Yang,Aiden
E6F7G8H2,E6F7G8H9,Patel,Olivia
E6F7G8H3,E6F7G8H9,Martinez,Noah
F0G1H2I3,F0G1H2I3,Kim,Isabella
F0G1H2I4,F0G1H2I3,Hernandez,Mia
F0G1H2I5,F0G1H2I3,Lee,Liam
F0G1H2I6,F0G1H2I3,Lopez,Olivia
F0G1H2I7,F0G1H2I3,Chen,Ethan
G4H5I6J7,G4H5I6J7,Choi,Sophia
G4H5I6J8,G4H5I6J7,Jones,Aiden
G4H5I6J9,G4H5I6J7,Wang,Isabella
G4H5I6J0,G4H5I6J7,Nguyen,Liam
G4H5I6J1,G4H5I6J7,Yang,Ella
H8I9J0K1,H8I9J0K1,Kim,Noah
H8I9J0K2,H8I9J0K1,Song,Mia
H8I9J0K3,H8I9J0K1,Brown,Sofia
H8I9J0K4,H8I9J0K1,Park,Liam
H8I9J0K5,H8I9J0K1,Patel,Ella
I2J3K4L5,I2J3K4L5,Kim,Aiden
I2J3K4L6,I2J3K4L5,Garcia,Sofia
I2J3K4L7,I2J3K4L5,Wang,Matthew
I2J3K4L8,I2J3K4L5,Song,Isabella
I2J3K4L9,I2J3K4L5,Chen,Olivia
J6K7L8M9,J6K7L8M9,Lee,Noah
J6K7L8M0,J6K7L8M9,Johnson,Ella
J6K7L8M1,J6K7L8M9,Wang,Aiden
J6K7L8M2,J6K7L8M9,Song,Isabella
J6K7L8M3,J6K7L8M9,Kim,Liam
K0L1M2N3,K0L1M2N3,Kim,Sofia
K0L1M2N4,K0L1M2N3,Choi,Matthew
K0L1M2N5,K0L1M2N3,Park,Liam
K0L1M2N6,K0L1M2N3,Nguyen,Ella
K0L1M2N7,K0L1M2N3,Wang,Olivia
L4M5N6O7,L4M5N6O7,Lee,Ella
L4M5N6O8,L4M5N6O7,Patel,Sofia
L4M5N6O9,L4M5N6O7,Park,Isabella
L4M5N6O0,L4M5N6O7,Song,Aiden
L4M5N6O1,L4M5N6O7,Chen,Noah
M8N9O0P1,M8N9O0P1,Johnson,Ella
M8N9O0P2,M8N9O0P1,Smith,Olivia
M8N9O0P3,M8N9O0P1,Nguyen,Sofia
M8N9O0P4,M8N9O0P1,Choi,Aiden
M8N9O0P5,M8N9O0P1,Martinez,Noah
N2O3P4Q5,N2O3P4Q5,Patel,Isabella
N2O3P4Q6,N2O3P4Q5,Johnson,Sofia
N2O3P4Q7,N2O3P4Q5,Song,Liam
N2O3P4Q8,N2O3P4Q5,Kim,Matthew
N2O3P4Q9,N2O3P4Q5,Chen,Aiden
O6P7Q8R9,O6P7Q8R9,Smith,Olivia
O6P7Q8R0,O6P7Q8R9,Park,Ella
O6P7Q8R1,O6P7Q8R9,Lopez,Matthew
O6P7Q8R2,O6P7Q8R9,Nguyen,Liam
O6P7Q8R3,O6P7Q8R9,Chen,Sofia
P0Q1R2S3,P0Q1R2S3,Kim,Ella
P0Q1R2S4,P0Q1R2S3,Smith,Sofia
P0Q1R2S5,P0Q1R2S3,Johnson,Isabella
P0Q1R2S6,P0Q1R2S3,Choi,Aiden
P0Q1R2S7,P0Q1R2S3,Patel,Noah
Q4R5S6T7,Q4R5S6T7,Wang,Liam
Q4R5S6T8,Q4R5S6T7,Lee,Sofia
Q4R5S6T9,Q4R5S6T7,Park,Ella
Q4R5S6T0,Q4R5S6T7,Smith,Matthew
Q4R5S6T1,Q4R5S6T7,Nguyen,Isabella
R8S9T0U1,R8S9T0U1,Chen,Noah
R8S9T0U2,R8S9T0U1,Wang,Ella
R8S9T0U3,R8S9T0U1,Song,Aiden
R8S9T0U4,R8S9T0U1,Smith,Sofia
R8S9T0U5,R8S9T0U1,Park,Isabella
S2T3U4V5,S2T3U4V5,Johnson,Liam
S2T3U4V6,S2T3U4V5,Nguyen,Sofia
S2T3U4V7,S2T3U4V5,Lee,Olivia
S2T3U4V8,S2T3U4V5,Park,Aiden
S2T3U4V9,S2T3U4V5,Wang,Noah
T6U7V8W9,T6U7V8W9,Kim,Ella
T6U7V8W0,T6U7V8W9,Smith,Matthew
A1B2C3D5,A1B2C3D4,Smith,John
A1B2C3D6,A1B2C3D4,Johnson,Emily
B5C6D7E10,B5C6D7E8,Garcia,Michael
B5C6D7E11,B5C6D7E8,Jones,Sophia
C8D9E0F10,C8D9E0F1,Kim,Matthew
C8D9E0F11,C8D9E0F1,Brown,Olivia
D2E3F4G10,D2E3F4G5,Lee,Aiden
D2E3F4G11,D2E3F4G5,Williams,Emma
D2E3F4G12,D2E3F4G5,Choi,Liam
D2E3F4G13,D2E3F4G5,Miller,Ava
E6F7G8H10,E6F7G8H9,Nguyen,Ethan
E6F7G8H11,E6F7G8H9,Lopez,Sofia
E6F7G8H12,E6F7G8H9,Yang,Aiden
E6F7G8H13,E6F7G8H9,Patel,Olivia
E6F7G8H14,E6F7G8H9,Martinez,Noah
F0G1H2I10,F0G1H2I3,Kim,Isabella
F0G1H2I11,F0G1H2I3,Hernandez,Mia
F0G1H2I12,F0G1H2I3,Lee,Liam
F0G1H2I13,F0G1H2I3,Lopez,Olivia
F0G1H2I14,F0G1H2I3,Chen,Ethan
G4H5I6J10,G4H5I6J7,Choi,Sophia
G4H5I6J11,G4H5I6J7,Jones,Aiden
G4H5I6J12,G4H5I6J7,Wang,Isabella
G4H5I6J13,G4H5I6J7,Nguyen,Liam
G4H5I6J14,G4H5I6J7,Yang,Ella
H8I9J0K10,H8I9J0K1,Kim,Noah
H8I9J0K11,H8I9J0K1,Song,Mia
H8I9J0K12,H8I9J0K1,Brown,Sofia
H8I9J0K13,H8I9J0K1,Park,Liam
H8I9J0K14,H8I9J0K1,Patel,Ella
I2J3K4L10,I2J3K4L5,Kim,Aiden
I2J3K4L11,I2J3K4L5,Garcia,Sofia
I2J3K4L12,I2J3K4L5,Wang,Matthew
I2J3K4L13,I2J3K4L5,Song,Isabella
I2J3K4L14,I2J3K4L5,Chen,Olivia
J6K7L8M10,J6K7L8M9,Lee,Noah
J6K7L8M11,J6K7L8M9,Johnson,Ella
J6K7L8M12,J6K7L8M9,Wang,Aiden
J6K7L8M13,J6K7L8M9,Song,Isabella
J6K7L8M14,J6K7L8M9,Kim,Liam
K0L1M2N8,K0L1M2N3,Kim,Sofia
K0L1M2N9,K0L1M2N3,Choi,Matthew
K0L1M2N10,K0L1M2N3,Park,Liam
K0L1M2N11,K0L1M2N3,Nguyen,Ella
K0L1M2N12,K0L1M2N3,Wang,Olivia
L4M5N6O8,L4M5N6O7,Lee,Ella
L4M5N6O9,L4M5N6O7,Patel,Sofia
L4M5N6O10,L4M5N6O7,Park,Isabella
L4M5N6O11,L4M5N6O7,Song,Aiden
L4M5N6O12,L4M5N6O7,Chen,Noah
M8N9O0P10,M8N9O0P1,Johnson,Ella
M8N9O0P11,M8N9O0P1,Smith,Olivia
M8N9O0P12,M8N9O0P1,Nguyen,Sofia
M8N9O0P13,M8N9O0P1,Choi,Aiden
M8N9O0P14,M8N9O0P1,Martinez,Noah
N2O3P4Q10,N2O3P4Q5,Patel,Isabella
N2O3P4Q11,N2O3P4Q5,Johnson,Sofia
N2O3P4Q12,N2O3P4Q5,Song,Liam
N2O3P4Q13,N2O3P4Q5,Kim,Matthew
N2O3P4Q14,N2O3P4Q5,Chen,Aiden
O6P7Q8R10,O6P7Q8R9,Smith,Olivia
O6P7Q8R11,O6P7Q8R9,Park,Ella
O6P7Q8R12,O6P7Q8R9,Lopez,Matthew
O6P7Q8R13,O6P7Q8R9,Nguyen,Liam
O6P7Q8R14,O6P7Q8R9,Chen,Sofia
P0Q1R2S10,P0Q1R2S3,Kim,Ella
P0Q1R2S11,P0Q1R2S3,Smith,Sofia
P0Q1R2S12,P0Q1R2S3,Johnson,Isabella
P0Q1R2S13,P0Q1R2S3,Choi,Aiden
P0Q1R2S14,P0Q1R2S3,Patel,Noah
Q4R5S6T10,Q4R5S6T7,Wang,Liam
Q4R5S6T11,Q4R5S6T7,Lee,Sofia
Q4R5S6T12,Q4R5S6T7,Park,Ella
Q4R5S6T13,Q4R5S6T7,Smith,Matthew
Q4R5S6T14,Q4R5S6T7,Nguyen,Isabella
R8S9T0U10,R8S9T0U1,Chen,Noah
R8S9T0U11,R8S9T0U1,Wang,Ella
R8S9T0U12,R8S9T0U1,Song,Aiden
R8S9T0U13,R8S9T0U1,Smith,Sofia
R8S9T0U14,R8S9T0U1,Park,Isabella
S2T3U4V10,S2T3U4V5,Johnson,Liam
S2T3U4V11,S2T3U4V5,Nguyen,Sofia
S2T3U4V12,S2T3U4V5,Lee,Olivia
S2T3U4V13,S2T3U4V5,Park,Aiden
S2T3U4V14,S2T3U4V5,Wang,Noah
T6U7V8W10,T6U7V8W9,Kim,Ella
T6U7V8W11,T6U7V8W9,Smith,Matthew
